http://141.101.90.98:80,,
http://141.101.123.117:80,,
http://173.245.58.96:80,,
http://141.101.123.84:80,,
http://141.101.120.192:80,,
http://201.148.32.162:80,,
http://103.160.204.56:80,,
http://141.101.123.113:80,,
http://141.101.123.208:80,,
http://172.65.90.0:80,,
http://172.64.78.69:80,,
http://172.64.78.193:80,,
http://172.64.78.198:80,,
http://141.101.120.77:80,,
http://172.64.78.71:80,,
http://103.160.204.135:80,,
http://103.160.204.118:80,,
http://172.64.78.163:80,,
http://172.64.78.50:80,,
http://141.101.121.105:80,,
http://141.101.121.107:80,,
http://188.114.99.119:80,,
http://172.64.40.169:80,,
http://188.114.99.254:80,,
socks5://45.236.215.111:54029,,
http://45.70.236.194:999,,
http://141.101.120.224:80,,
http://141.101.120.171:80,,
http://172.65.90.3:80,,
http://172.65.90.1:80,,
http://172.65.90.2:80,,
http://141.101.121.193:80,,
http://172.67.66.21:80,,
http://141.101.123.228:80,,
http://103.160.204.172:80,,
http://141.101.120.148:80,,
socks4://68.71.247.130:4145,,
socks4://68.71.254.6:4145,,
socks4://68.71.249.153:48606,,
http://141.101.121.226:80,,
http://141.101.122.22:80,,
http://141.101.123.197:80,,
http://141.101.123.120:80,,
http://141.101.123.167:80,,
http://108.162.193.61:80,,
http://108.162.192.95:80,,
http://141.101.121.24:80,,
http://141.101.122.23:80,,
http://103.160.204.13:80,,
http://141.101.121.179:80,,
http://141.101.123.206:80,,
http://172.66.44.32:80,,
http://172.67.81.66:80,,
http://141.101.121.220:80,,
http://188.114.99.193:80,,
http://141.101.122.245:80,,
http://141.101.123.201:80,,
http://141.101.123.26:80,,
http://141.101.123.119:80,,
http://172.64.78.34:80,,
http://172.66.43.173:80,,
http://103.160.204.115:80,,
http://172.64.35.158:80,,